{
  "s_pm": {
    "HS_eq": {
      "const": 2163.840699542084,
      "TQA_coef": -12.37360503339686,
      "WG_coef": -30.84445159777526
    },
    "TQA_eq": {
      "const": -11.543933362734471,
      "HS_coef": 0.12010200964766843
    },
    "gamma_12_values": [
      -0.6829268292682941,
      -0.3263157894736836,
      -0.26136363636363674
    ],
    "gamma_12_mean": -0.4235354183685381
  },
  "s_pp": {
    "HS_eq": {
      "const": 109.53358219539169,
      "TQA_coef": -2.9477718654257816
    },
    "TQA_eq": {
      "const": -53.43772679652398,
      "HS_coef": 0.7505989146275025
    },
    "gamma_12_values": [
      -0.787878787878789,
      -0.3030303030303033
    ],
    "gamma_12_mean": -0.5454545454545461
  },
  "transition": {
    "HS_eq": {
      "const": 116.49480008416018,
      "TQA_coef": -2.431778817289631
    },
    "TQA_eq": {
      "const": 102.24894676063279,
      "HS_coef": -1.993156856932414
    },
    "gamma_12_values": [
      0.0,
      -0.42307692307692246
    ],
    "gamma_12_mean": -0.21153846153846123
  },
  "full": {
    "HS_eq": {
      "const": 235.48485681970482,
      "TQA_coef": -2.0284478728286586,
      "WG_coef": -2.450229635759087
    },
    "TQA_eq": {
      "const": -8.591359655661273,
      "HS_coef": 0.04916075219524718
    },
    "gamma_12_values": [
      -0.6829268292682941,
      -0.3263157894736836,
      -0.26136363636363674,
      0.0,
      -0.42307692307692246,
      -0.787878787878789,
      -0.3030303030303033
    ],
    "gamma_12_mean": -0.3977988955845184
  },
  "sign_flip": false
}